Date,Country,Region,Region Code,Map Region,Province,Province Abbreviation,Province Code,lat,long,Population,Area,Total Cases,Prev Total Cases,Daily Cases,Weekly Cases,Daily Cases Avg 3 days,Last Update,note
2020-10-23,ITA,Abruzzo,13,Abruzzo,L'Aquila,AQ,66,42.35122196,13.39843823,299031,5047.55,1761,1663,98,589,110,2020-10-23 17:00:00,
2020-10-23,ITA,Abruzzo,13,Abruzzo,Teramo,TE,67,42.6589177,13.70439971,308052,1954.38,1588,1526,62,457,72,2020-10-23 17:00:00,
2020-10-23,ITA,Abruzzo,13,Abruzzo,Pescara,PE,68,42.46458398,14.21364822,318909,1230.33,2356,2321,35,214,41,2020-10-23 17:00:00,
2020-10-23,ITA,Abruzzo,13,Abruzzo,Chieti,CH,69,42.35103167,14.16754574,385588,2599.58,1516,1469,47,226,41,2020-10-23 17:00:00,
2020-10-23,ITA,Abruzzo,13,Abruzzo,Fuori Regione / Provincia Autonoma,,879,,,,,53,53,0,10,2,2020-10-23 17:00:00,
2020-10-23,ITA,Abruzzo,13,Abruzzo,In fase di definizione/aggiornamento,,979,,,,,51,59,-8,4,-2,2020-10-23 17:00:00,
2020-10-23,ITA,Basilicata,17,Basilicata,Potenza,PZ,76,40.63947052,15.80514834,364960,6594.44,885,835,50,289,58,2020-10-23 17:00:00,
2020-10-23,ITA,Basilicata,17,Basilicata,Matera,MT,77,40.66751177,16.59792442,197909,3478.89,495,457,38,103,26,2020-10-23 17:00:00,
2020-10-23,ITA,Basilicata,17,Basilicata,Fuori Regione / Provincia Autonoma,,880,,,,,190,189,1,9,2,2020-10-23 17:00:00,
2020-10-23,ITA,Basilicata,17,Basilicata,In fase di definizione/aggiornamento,,980,,,,,0,0,0,0,0,2020-10-23 17:00:00,
2020-10-23,ITA,Calabria,18,Calabria,Cosenza,CS,78,39.29308681,16.25609692,705753,6709.75,1036,998,38,283,56,2020-10-23 17:00:00,
2020-10-23,ITA,Calabria,18,Calabria,Catanzaro,CZ,79,38.90597598,16.59440194,358316,2415.45,503,489,14,93,23,2020-10-23 17:00:00,
2020-10-23,ITA,Calabria,18,Calabria,Reggio di Calabria,RC,80,38.10922769,15.6434527,544815,3184.0,1228,1124,104,418,73,2020-10-23 17:00:00,
2020-10-23,ITA,Calabria,18,Calabria,Crotone,KR,101,39.08036878,17.12538864,174980,1735.68,179,176,3,24,3,2020-10-23 17:00:00,
2020-10-23,ITA,Calabria,18,Calabria,Vibo Valentia,VV,102,38.67624147,16.10157414,160073,1150.64,150,150,0,16,3,2020-10-23 17:00:00,
2020-10-23,ITA,Calabria,18,Calabria,Fuori Regione / Provincia Autonoma,,882,,,,,349,349,0,22,2,2020-10-23 17:00:00,
2020-10-23,ITA,Calabria,18,Calabria,In fase di definizione/aggiornamento,,982,,,,,0,0,0,0,0,2020-10-23 17:00:00,
2020-10-23,ITA,Campania,15,Campania,Caserta,CE,61,41.07465878,14.33240464,922965,2651.35,5144,4826,318,1627,266,2020-10-23 17:00:00,
2020-10-23,ITA,Campania,15,Campania,Benevento,BN,62,41.12969987,14.78151683,277018,2080.44,756,728,28,129,16,2020-10-23 17:00:00,
2020-10-23,ITA,Campania,15,Campania,Napoli,,63,40.83956555,14.25084984,3072996,1171.0,22422,21154,1268,7148,1163,2020-10-23 17:00:00,
2020-10-23,ITA,Campania,15,Campania,Avellino,AV,64,40.91404699,14.79528803,418306,2806.07,1690,1599,91,383,72,2020-10-23 17:00:00,
2020-10-23,ITA,Campania,15,Campania,Salerno,SA,65,40.67821961,14.759402599999998,1098513,4954.16,3311,3186,125,1011,189,2020-10-23 17:00:00,
2020-10-23,ITA,Campania,15,Campania,Fuori Regione / Provincia Autonoma,,883,,,,,0,0,0,0,0,2020-10-23 17:00:00,
2020-10-23,ITA,Campania,15,Campania,In fase di definizione/aggiornamento,,983,,,,,982,532,450,974,154,2020-10-23 17:00:00,
2020-10-23,ITA,Emilia-Romagna,8,Emilia-Romagna,Piacenza,PC,33,45.05193462,9.692632596000001,287152,2585.86,5784,5671,113,403,81,2020-10-23 17:00:00,
2020-10-23,ITA,Emilia-Romagna,8,Emilia-Romagna,Parma,PR,34,44.80107394,10.32834985,451631,3447.48,4966,4915,51,298,55,2020-10-23 17:00:00,
2020-10-23,ITA,Emilia-Romagna,8,Emilia-Romagna,Reggio nell'Emilia,RE,35,44.69735289,10.63007973,531891,2291.26,6870,6742,128,598,108,2020-10-23 17:00:00,
2020-10-23,ITA,Emilia-Romagna,8,Emilia-Romagna,Modena,MO,36,44.64600009,10.92615487,705393,2688.02,5969,5881,88,550,83,2020-10-23 17:00:00,
2020-10-23,ITA,Emilia-Romagna,8,Emilia-Romagna,Bologna,BO,37,44.49436681,11.3417208,1017196,3702.0,8827,8627,200,1200,210,2020-10-23 17:00:00,
2020-10-23,ITA,Emilia-Romagna,8,Emilia-Romagna,Ferrara,FE,38,44.83599085,11.61868934,345691,2635.12,2088,2035,53,338,49,2020-10-23 17:00:00,
2020-10-23,ITA,Emilia-Romagna,8,Emilia-Romagna,Ravenna,RA,39,44.41722493,12.19913936,389456,1859.44,2230,2170,60,274,47,2020-10-23 17:00:00,
2020-10-23,ITA,Emilia-Romagna,8,Emilia-Romagna,Forl√¨-Cesena,FC,40,44.22268559,12.04068608,394627,2378.4,3356,3289,67,393,62,2020-10-23 17:00:00,
2020-10-23,ITA,Emilia-Romagna,8,Emilia-Romagna,Rimini,RN,99,44.06090087,12.5656295,339017,864.88,3474,3357,117,502,101,2020-10-23 17:00:00,
2020-10-23,ITA,Emilia-Romagna,8,Emilia-Romagna,Fuori Regione / Provincia Autonoma,,884,,,,,666,657,9,64,12,2020-10-23 17:00:00,
2020-10-23,ITA,Emilia-Romagna,8,Emilia-Romagna,In fase di definizione/aggiornamento,,984,,,,,135,133,2,53,6,2020-10-23 17:00:00,
2020-10-23,ITA,Friuli Venezia Giulia,6,Friuli-Venezia Giulia,Udine,UD,30,46.06255516,13.2348383,528791,4969.3,2630,2495,135,528,113,2020-10-23 17:00:00,
2020-10-23,ITA,Friuli Venezia Giulia,6,Friuli-Venezia Giulia,Gorizia,GO,31,45.94149817,13.62212502,139403,467.14,775,751,24,123,28,2020-10-23 17:00:00,
2020-10-23,ITA,Friuli Venezia Giulia,6,Friuli-Venezia Giulia,Trieste,TS,32,45.6494354,13.76813649,234493,212.51,2476,2338,138,450,87,2020-10-23 17:00:00,
2020-10-23,ITA,Friuli Venezia Giulia,6,Friuli-Venezia Giulia,Pordenone,PN,93,45.95443546,12.66002909,312533,2275.42,1476,1442,34,194,25,2020-10-23 17:00:00,
2020-10-23,ITA,Friuli Venezia Giulia,6,Friuli-Venezia Giulia,Fuori Regione / Provincia Autonoma,,885,,,,,58,49,9,27,7,2020-10-23 17:00:00,
2020-10-23,ITA,Friuli Venezia Giulia,6,Friuli-Venezia Giulia,In fase di definizione/aggiornamento,,985,,,,,0,0,0,0,0,2020-10-23 17:00:00,
2020-10-23,ITA,Lazio,12,Lazio,Viterbo,VT,56,42.4173828,12.10473416,317030,3615.24,1890,1705,185,843,121,2020-10-23 17:00:00,
2020-10-23,ITA,Lazio,12,Lazio,Rieti,RI,57,42.40488444,12.86205939,155503,2750.52,1013,987,26,225,35,2020-10-23 17:00:00,
2020-10-23,ITA,Lazio,12,Lazio,Roma,RM,58,41.89277044,12.48366722,4335849,5352.0,22478,21576,902,5394,852,2020-10-23 17:00:00,
2020-10-23,ITA,Lazio,12,Lazio,Latina,LT,59,41.46759465,12.90368482,575254,2256.16,2465,2351,114,551,102,2020-10-23 17:00:00,
2020-10-23,ITA,Lazio,12,Lazio,Frosinone,FR,60,41.63964569,13.35117161,489083,3247.08,2634,2498,136,1080,156,2020-10-23 17:00:00,
2020-10-23,ITA,Lazio,12,Lazio,Fuori Regione / Provincia Autonoma,,886,,,,,509,483,26,121,20,2020-10-23 17:00:00,
2020-10-23,ITA,Lazio,12,Lazio,In fase di definizione/aggiornamento,,986,,,,,21,21,0,0,0,2020-10-23 17:00:00,
2020-10-23,ITA,Liguria,7,Liguria,Imperia,IM,8,43.88570648,8.027850297999999,213840,1154.78,2295,2222,73,307,55,2020-10-23 17:00:00,
2020-10-23,ITA,Liguria,7,Liguria,Savona,SV,9,44.30750461,8.481108654,276064,1546.29,2652,2585,67,378,57,2020-10-23 17:00:00,
2020-10-23,ITA,Liguria,7,Liguria,Genova,GE,10,44.41149314,8.9326992,837427,1839.0,12262,11713,549,2834,470,2020-10-23 17:00:00,
2020-10-23,ITA,Liguria,7,Liguria,La Spezia,SP,11,44.10704991,9.8281897,219556,881.35,2881,2837,44,315,48,2020-10-23 17:00:00,
2020-10-23,ITA,Liguria,7,Liguria,Fuori Regione / Provincia Autonoma,,887,,,,,501,488,13,76,10,2020-10-23 17:00:00,
2020-10-23,ITA,Liguria,7,Liguria,In fase di definizione/aggiornamento,,987,,,,,768,736,32,168,30,2020-10-23 17:00:00,
2020-10-23,ITA,Lombardia,3,Lombardia,Varese,VA,12,45.81701677,8.822868344,890768,1198.11,7817,7516,301,2004,327,2020-10-23 17:00:00,
2020-10-23,ITA,Lombardia,3,Lombardia,Como,CO,13,45.8099912,9.085159546,599204,1279.04,6470,6264,206,1232,266,2020-10-23 17:00:00,
2020-10-23,ITA,Lombardia,3,Lombardia,Sondrio,SO,14,46.17099261,9.87147489,181095,3195.76,2117,2073,44,280,57,2020-10-23 17:00:00,
2020-10-23,ITA,Lombardia,3,Lombardia,Milano,MI,15,45.46679409,9.190347404,3261873,1575.0,47074,44675,2399,11007,2096,2020-10-23 17:00:00,
2020-10-23,ITA,Lombardia,3,Lombardia,Bergamo,BG,16,45.69441368,9.668424528,1114590,2754.9,16931,16809,122,589,121,2020-10-23 17:00:00,
2020-10-23,ITA,Lombardia,3,Lombardia,Brescia,BS,17,45.53993052,10.21910323,1265954,4785.62,18963,18726,237,943,209,2020-10-23 17:00:00,
2020-10-23,ITA,Lombardia,3,Lombardia,Pavia,PV,18,45.18509264,9.160157191,545888,2968.64,7889,7658,231,999,213,2020-10-23 17:00:00,
2020-10-23,ITA,Lombardia,3,Lombardia,Cremona,CR,19,45.13336675,10.02420865,358955,1770.46,7585,7483,102,407,90,2020-10-23 17:00:00,
2020-10-23,ITA,Lombardia,3,Lombardia,Mantova,MN,20,45.15726772,10.79277363,412292,2341.44,4898,4811,87,392,70,2020-10-23 17:00:00,
2020-10-23,ITA,Lombardia,3,Lombardia,Lecco,LC,97,45.85575781,9.393392246,337380,805.61,3953,3822,131,510,97,2020-10-23 17:00:00,
2020-10-23,ITA,Lombardia,3,Lombardia,Lodi,LO,98,45.31440693,9.503720769,230198,782.99,4499,4391,108,439,80,2020-10-23 17:00:00,
2020-10-23,ITA,Lombardia,3,Lombardia,Monza e della Brianza,MB,108,45.58439043,9.273582472000001,873935,405.41,11084,10332,752,2748,574,2020-10-23 17:00:00,
2020-10-23,ITA,Lombardia,3,Lombardia,Fuori Regione / Provincia Autonoma,,888,,,,,1602,1514,88,399,82,2020-10-23 17:00:00,
2020-10-23,ITA,Lombardia,3,Lombardia,In fase di definizione/aggiornamento,,988,,,,,2763,2655,108,566,108,2020-10-23 17:00:00,
2020-10-23,ITA,Marche,11,Marche,Pesaro e Urbino,PU,41,43.91014021,12.91345989,358886,2567.78,3413,2646,767,187,36,2020-10-23 17:00:00,
2020-10-23,ITA,Marche,11,Marche,Ancona,AN,42,43.61675973,13.5188753,471228,1936.22,2738,3371,-633,377,68,2020-10-23 17:00:00,
2020-10-23,ITA,Marche,11,Marche,Macerata,MC,43,43.30023926,13.45307182,314178,2779.34,1982,1855,127,448,101,2020-10-23 17:00:00,
2020-10-23,ITA,Marche,11,Marche,Ascoli Piceno,AP,44,42.85322304,13.57691127,207179,1228.27,1173,1062,111,253,67,2020-10-23 17:00:00,
2020-10-23,ITA,Marche,11,Marche,Fermo,FM,109,43.16058534,13.71839535,173800,862.77,964,894,70,204,55,2020-10-23 17:00:00,
2020-10-23,ITA,Marche,11,Marche,Fuori Regione / Provincia Autonoma,,889,,,,,375,364,11,43,7,2020-10-23 17:00:00,
2020-10-23,ITA,Marche,11,Marche,In fase di definizione/aggiornamento,,989,,,,,0,0,0,0,0,2020-10-23 17:00:00,
2020-10-23,ITA,Molise,14,Molise,Campobasso,CB,70,41.55774754,14.65916051,221238,2925.41,707,685,22,91,19,2020-10-23 17:00:00,
2020-10-23,ITA,Molise,14,Molise,Isernia,IS,94,41.58800826,14.22575407,84379,1535.24,397,363,34,171,17,2020-10-23 17:00:00,
2020-10-23,ITA,Molise,14,Molise,Fuori Regione / Provincia Autonoma,,890,,,,,22,22,0,0,0,2020-10-23 17:00:00,
2020-10-23,ITA,Molise,14,Molise,In fase di definizione/aggiornamento,,990,,,,,0,0,0,0,0,2020-10-23 17:00:00,
2020-10-23,ITA,P.A. Bolzano,4,Trentino-Alto Adige,Bolzano,BZ,21,46.49933453,11.35662422,531178,7398.38,5818,5549,269,1325,235,2020-10-23 17:00:00,
2020-10-23,ITA,P.A. Bolzano,4,Trentino-Alto Adige,Fuori Regione / Provincia Autonoma,,881,,,,,0,0,0,0,0,2020-10-23 17:00:00,
2020-10-23,ITA,P.A. Bolzano,4,Trentino-Alto Adige,In fase di definizione/aggiornamento,,981,,,,,0,0,0,0,0,2020-10-23 17:00:00,
2020-10-23,ITA,P.A. Trento,4,Trentino-Alto Adige,Trento,TN,22,46.06893511,11.12123097,541098,6207.12,7526,7319,207,811,169,2020-10-23 17:00:00,
2020-10-23,ITA,P.A. Trento,4,Trentino-Alto Adige,Fuori Regione / Provincia Autonoma,,896,,,,,0,0,0,0,0,2020-10-23 17:00:00,
2020-10-23,ITA,P.A. Trento,4,Trentino-Alto Adige,In fase di definizione/aggiornamento,,996,,,,,0,0,0,0,0,2020-10-23 17:00:00,
2020-10-23,ITA,Piemonte,1,Piemonte,Torino,TO,1,45.0732745,7.680687483,2256142,6829.0,26869,25785,1084,5718,1015,2020-10-23 17:00:00,
2020-10-23,ITA,Piemonte,1,Piemonte,Vercelli,VC,2,45.32398135,8.423234312,170911,2081.64,2060,1466,594,208,36,2020-10-23 17:00:00,
2020-10-23,ITA,Piemonte,1,Piemonte,Novara,NO,3,45.44588506,8.621915884,369018,1340.28,4616,4400,216,718,131,2020-10-23 17:00:00,
2020-10-23,ITA,Piemonte,1,Piemonte,Cuneo,CN,4,44.39329625,7.551171632000001,587098,6894.94,6037,5683,354,1520,305,2020-10-23 17:00:00,
2020-10-23,ITA,Piemonte,1,Piemonte,Asti,AT,5,44.89912921,8.204142547,214638,1510.19,2671,2593,78,408,69,2020-10-23 17:00:00,
2020-10-23,ITA,Piemonte,1,Piemonte,Alessandria,AL,6,44.91297351,8.615401155,421284,3558.83,5435,5330,105,641,114,2020-10-23 17:00:00,
2020-10-23,ITA,Piemonte,1,Piemonte,Biella,BI,96,45.5665112,8.054082167,177585,913.28,1655,1601,54,261,58,2020-10-23 17:00:00,
2020-10-23,ITA,Piemonte,1,Piemonte,Verbano-Cusio-Ossola,VB,103,45.9214455,8.551078752999999,157844,2260.91,1528,2014,-486,190,33,2020-10-23 17:00:00,
2020-10-23,ITA,Piemonte,1,Piemonte,Fuori Regione / Provincia Autonoma,,891,,,,,386,377,9,36,7,2020-10-23 17:00:00,
2020-10-23,ITA,Piemonte,1,Piemonte,In fase di definizione/aggiornamento,,991,,,,,443,419,24,105,24,2020-10-23 17:00:00,
2020-10-23,ITA,Puglia,16,Puglia,Foggia,FG,71,41.46226865,15.54305094,622183,7007.54,3219,3043,176,687,123,2020-10-23 17:00:00,
2020-10-23,ITA,Puglia,16,Puglia,Bari,BA,72,41.12559576,16.86736689,1248489,3825.0,5595,5361,234,1125,178,2020-10-23 17:00:00,
2020-10-23,ITA,Puglia,16,Puglia,Taranto,TA,73,40.47354739,17.23237181,576756,2467.35,1212,1147,65,335,70,2020-10-23 17:00:00,
2020-10-23,ITA,Puglia,16,Puglia,Brindisi,BR,74,40.63848545,17.94601575,392975,1861.12,985,955,30,148,26,2020-10-23 17:00:00,
2020-10-23,ITA,Puglia,16,Puglia,Lecce,LE,75,40.35354285,18.1718973,795134,2799.07,1012,993,19,88,16,2020-10-23 17:00:00,
2020-10-23,ITA,Puglia,16,Puglia,Barletta-Andria-Trani,BT,110,41.22705039,16.29520432,390011,1542.95,1271,1213,58,262,50,2020-10-23 17:00:00,
2020-10-23,ITA,Puglia,16,Puglia,Fuori Regione / Provincia Autonoma,,892,,,,,95,94,1,15,2,2020-10-23 17:00:00,
2020-10-23,ITA,Puglia,16,Puglia,In fase di definizione/aggiornamento,,992,,,,,11,4,7,6,2,2020-10-23 17:00:00,
2020-10-23,ITA,Sardegna,20,Sardegna,Sassari,SS,90,40.72667657,8.559667131,491571,7692.09,3164,3084,80,432,72,2020-10-23 17:00:00,
2020-10-23,ITA,Sardegna,20,Sardegna,Nuoro,NU,91,40.32318834,9.330296393,208550,5638.02,1041,996,45,151,29,2020-10-23 17:00:00,
2020-10-23,ITA,Sardegna,20,Sardegna,Cagliari,CA,92,39.21531192,9.110616306,430372,1248.0,1309,1223,86,405,65,2020-10-23 17:00:00,
2020-10-23,ITA,Sardegna,20,Sardegna,Oristano,OR,95,39.90381075,8.591183151000001,157707,2990.45,605,567,38,172,33,2020-10-23 17:00:00,
2020-10-23,ITA,Sardegna,20,Sardegna,Sud Sardegna,SU,111,39.16641462,8.526242676,350725,6530.78,1116,1016,100,339,54,2020-10-23 17:00:00,
2020-10-23,ITA,Sardegna,20,Sardegna,Fuori Regione / Provincia Autonoma,,893,,,,,0,0,0,0,0,2020-10-23 17:00:00,
2020-10-23,ITA,Sardegna,20,Sardegna,In fase di definizione/aggiornamento,,993,,,,,0,0,0,0,0,2020-10-23 17:00:00,
2020-10-23,ITA,Sicilia,19,Sicilia,Trapani,TP,81,38.01850065,12.51365684,430492,2469.62,1205,1128,77,338,68,2020-10-23 17:00:00,
2020-10-23,ITA,Sicilia,19,Sicilia,Palermo,PA,82,38.11569725,13.362356699999998,1245826,4992.0,4801,4597,204,1398,249,2020-10-23 17:00:00,
2020-10-23,ITA,Sicilia,19,Sicilia,Messina,ME,83,38.19395845,15.55572302,622962,3247.0,1398,1324,74,246,58,2020-10-23 17:00:00,
2020-10-23,ITA,Sicilia,19,Sicilia,Agrigento,AG,84,37.30971088,13.584574900000002,434870,3052.59,632,606,26,112,16,2020-10-23 17:00:00,
2020-10-23,ITA,Sicilia,19,Sicilia,Caltanissetta,CL,85,37.49213171,14.06184973,262458,2138.37,656,630,26,150,24,2020-10-23 17:00:00,
2020-10-23,ITA,Sicilia,19,Sicilia,Enna,EN,86,37.56705701,14.27909375,164788,2574.7,669,662,7,91,6,2020-10-23 17:00:00,
2020-10-23,ITA,Sicilia,19,Sicilia,Catania,CT,87,37.50287803,15.08704691,1103917,3553.0,3942,3754,188,1206,190,2020-10-23 17:00:00,
2020-10-23,ITA,Sicilia,19,Sicilia,Ragusa,RG,88,36.92509198,14.73069891,320893,1623.89,1046,929,117,343,67,2020-10-23 17:00:00,
2020-10-23,ITA,Sicilia,19,Sicilia,Siracusa,SR,89,37.05991687,15.29333182,399224,2124.13,942,931,11,163,18,2020-10-23 17:00:00,
2020-10-23,ITA,Sicilia,19,Sicilia,Fuori Regione / Provincia Autonoma,,894,,,,,0,0,0,0,0,2020-10-23 17:00:00,
2020-10-23,ITA,Sicilia,19,Sicilia,In fase di definizione/aggiornamento,,994,,,,,25,25,0,0,0,2020-10-23 17:00:00,
2020-10-23,ITA,Toscana,9,Toscana,Massa Carrara,MS,45,44.03674425,10.14173829,194878,1154.68,2125,2061,64,338,51,2020-10-23 17:00:00,
2020-10-23,ITA,Toscana,9,Toscana,Lucca,LU,46,43.84432283,10.50151366,387876,1773.22,3022,2841,181,558,114,2020-10-23 17:00:00,
2020-10-23,ITA,Toscana,9,Toscana,Pistoia,PT,47,43.93346500000001,10.91734146,292473,964.12,1931,1852,79,495,51,2020-10-23 17:00:00,
2020-10-23,ITA,Toscana,9,Toscana,Firenze,FI,48,43.76923077,11.25588885,1012407,3515.0,8122,7690,432,2175,337,2020-10-23 17:00:00,
2020-10-23,ITA,Toscana,9,Toscana,Livorno,LI,49,43.55234873,10.3086781,334832,1213.71,1671,1562,109,599,130,2020-10-23 17:00:00,
2020-10-23,ITA,Toscana,9,Toscana,Pisa,PI,50,43.71553206,10.40127259,419037,2444.72,3675,3506,169,1098,162,2020-10-23 17:00:00,
2020-10-23,ITA,Toscana,9,Toscana,Arezzo,AR,51,43.46642752,11.88228844,342654,3233.08,2612,2563,49,660,103,2020-10-23 17:00:00,
2020-10-23,ITA,Toscana,9,Toscana,Siena,SI,52,43.31816374,11.33190988,267197,3820.98,1425,1350,75,407,59,2020-10-23 17:00:00,
2020-10-23,ITA,Toscana,9,Toscana,Grosseto,GR,53,42.76026758,11.11356398,221629,4503.12,935,901,34,190,30,2020-10-23 17:00:00,
2020-10-23,ITA,Toscana,9,Toscana,Prato,PO,100,43.88062274,11.09703315,257716,365.72,1833,1735,98,364,63,2020-10-23 17:00:00,
2020-10-23,ITA,Toscana,9,Toscana,Fuori Regione / Provincia Autonoma,,895,,,,,550,550,0,0,0,2020-10-23 17:00:00,
2020-10-23,ITA,Toscana,9,Toscana,In fase di definizione/aggiornamento,,995,,,,,0,0,0,0,0,2020-10-23 17:00:00,
2020-10-23,ITA,Umbria,10,Umbria,Perugia,PG,54,43.10675841,12.38824698,656382,6337.15,4636,4283,353,1564,302,2020-10-23 17:00:00,
2020-10-23,ITA,Umbria,10,Umbria,Terni,TR,55,42.56071258,12.6466875,225633,2127.18,1313,1253,60,431,79,2020-10-23 17:00:00,
2020-10-23,ITA,Umbria,10,Umbria,Fuori Regione / Provincia Autonoma,,897,,,,,358,324,34,102,20,2020-10-23 17:00:00,
2020-10-23,ITA,Umbria,10,Umbria,In fase di definizione/aggiornamento,,997,,,,,0,0,0,0,0,2020-10-23 17:00:00,
2020-10-23,ITA,Valle d'Aosta,2,Valle d'Aosta,Aosta,AO,7,45.73750286,7.320149366,125666,3260.9,2294,2201,93,648,97,2020-10-23 17:00:00,
2020-10-23,ITA,Valle d'Aosta,2,Valle d'Aosta,Fuori Regione / Provincia Autonoma,,898,,,,,22,18,4,8,1,2020-10-23 17:00:00,
2020-10-23,ITA,Valle d'Aosta,2,Valle d'Aosta,In fase di definizione/aggiornamento,,998,,,,,0,0,0,0,0,2020-10-23 17:00:00,
2020-10-23,ITA,Veneto,5,Veneto,Verona,VR,23,45.43839046,10.99352685,926497,3096.39,8596,8350,246,979,198,2020-10-23 17:00:00,
2020-10-23,ITA,Veneto,5,Veneto,Vicenza,VI,24,45.547497,11.54597109,862418,2722.53,6211,5891,320,1281,275,2020-10-23 17:00:00,
2020-10-23,ITA,Veneto,5,Veneto,Belluno,BL,25,46.13837528,12.21704167,202950,3610.2,2462,2395,67,405,69,2020-10-23 17:00:00,
2020-10-23,ITA,Veneto,5,Veneto,Treviso,TV,26,45.66754571,12.24507363,887806,2479.83,8141,7700,441,1676,316,2020-10-23 17:00:00,
2020-10-23,ITA,Veneto,5,Veneto,Venezia,VE,27,45.43490485,12.33845213,852351,2461.0,6297,6125,172,958,279,2020-10-23 17:00:00,
2020-10-23,ITA,Veneto,5,Veneto,Padova,PD,28,45.40692987,11.87608718,937908,2144.15,7549,7328,221,1262,237,2020-10-23 17:00:00,
2020-10-23,ITA,Veneto,5,Veneto,Rovigo,RO,29,45.07107289,11.79007,234937,1819.35,870,822,48,140,24,2020-10-23 17:00:00,
2020-10-23,ITA,Veneto,5,Veneto,Fuori Regione / Provincia Autonoma,,899,,,,,841,815,26,138,29,2020-10-23 17:00:00,
2020-10-23,ITA,Veneto,5,Veneto,In fase di definizione/aggiornamento,,999,,,,,173,164,9,24,6,2020-10-23 17:00:00,
